﻿{"cameraMode":{"drawMode":0,"name":"Shaded","section":"Shading Mode"},"sceneLighting":false,"audioPlay":false,"sceneViewState":{"showFog":true,"showMaterialUpdate":false,"showSkybox":true,"showFlares":true,"showImageEffects":true,"showParticleSystems":true},"in2DMode":false,"pivot":{"x":1024.5762939453125,"y":583.0422973632813,"z":20.40985107421875},"rotation":{"x":-0.0011900542303919793,"y":-0.013504422269761563,"z":-0.00001614103530300781,"w":0.9999081492424011},"size":1177.576904296875,"orthographic":false}